/*
 Navicat Premium Data Transfer

 Source Server         : 腾讯云(129.28.192.214)
 Source Server Type    : MySQL
 Source Server Version : 50726
 Source Host           : 129.28.192.214:3306
 Source Schema         : shiro

 Target Server Type    : MySQL
 Target Server Version : 50726
 File Encoding         : 65001

 Date: 27/06/2020 18:55:20
*/

SET NAMES utf8mb4;
SET FOREIGN_KEY_CHECKS = 0;

-- ----------------------------
-- Table structure for article
-- ----------------------------
DROP TABLE IF EXISTS `article`;
CREATE TABLE `article`  (
  `id` int(11) NOT NULL AUTO_INCREMENT,
  `content` varchar(255) CHARACTER SET utf8 COLLATE utf8_general_ci NULL DEFAULT '' COMMENT '文章内容',
  `create_time` timestamp(0) NULL DEFAULT NULL COMMENT '创建时间',
  `update_time` timestamp(0) NULL DEFAULT NULL COMMENT '更新时间',
  `delete_status` varchar(1) CHARACTER SET utf8 COLLATE utf8_general_ci NULL DEFAULT '1' COMMENT '是否有效  1.有效  2无效',
  PRIMARY KEY (`id`) USING BTREE
) ENGINE = InnoDB AUTO_INCREMENT = 20 CHARACTER SET = utf8 COLLATE = utf8_general_ci COMMENT = '发布号作者表' ROW_FORMAT = Dynamic;

-- ----------------------------
-- Records of article
-- ----------------------------
INSERT INTO `article` VALUES (5, '莎士比亚', '2017-10-25 09:08:45', '2017-10-30 17:59:41', '1');
INSERT INTO `article` VALUES (6, '亚里士多德', '2017-10-26 10:49:28', '2017-11-18 09:54:15', '1');
INSERT INTO `article` VALUES (10, '亚历山大', '2017-10-26 14:57:45', '2017-11-08 13:28:52', '1');
INSERT INTO `article` VALUES (11, '李白', '2017-10-26 15:23:42', '2017-10-26 15:23:42', '1');
INSERT INTO `article` VALUES (19, '测试', '2017-11-18 13:37:07', '2017-11-18 13:37:11', '1');

-- ----------------------------
-- Table structure for book
-- ----------------------------
DROP TABLE IF EXISTS `book`;
CREATE TABLE `book`  (
  `id` bigint(11) NOT NULL AUTO_INCREMENT,
  `book_name` varchar(255) CHARACTER SET utf8 COLLATE utf8_general_ci NULL DEFAULT NULL,
  `book_code` varchar(255) CHARACTER SET utf8 COLLATE utf8_general_ci NULL DEFAULT NULL,
  `status` int(1) NULL DEFAULT NULL COMMENT '0-删除；1-在列;',
  `create_user` varchar(255) CHARACTER SET utf8 COLLATE utf8_general_ci NULL DEFAULT NULL,
  `create_time` datetime(0) NULL DEFAULT NULL,
  PRIMARY KEY (`id`) USING BTREE
) ENGINE = InnoDB AUTO_INCREMENT = 12 CHARACTER SET = utf8 COLLATE = utf8_general_ci ROW_FORMAT = Dynamic;

-- ----------------------------
-- Records of book
-- ----------------------------
INSERT INTO `book` VALUES (1, 'Java从入门到放弃', 'NO00001', 1, 'sys', '2020-06-27 17:14:40');
INSERT INTO `book` VALUES (2, 'Python', 'NO00002', 1, 'sys', '2020-06-27 17:15:35');
INSERT INTO `book` VALUES (3, '算法', 'NO00003', 1, 'sys', '2020-06-27 17:16:03');
INSERT INTO `book` VALUES (4, '哈利波特', 'NO00004', 1, 'sys', '2020-06-27 18:24:00');
INSERT INTO `book` VALUES (5, '小飞侠1', 'NO00006', 1, 'sys', '2020-06-27 18:24:03');
INSERT INTO `book` VALUES (6, '骆驼祥子', 'NO00006', 1, NULL, NULL);
INSERT INTO `book` VALUES (7, '武庚纪', 'NO00006', 1, NULL, NULL);
INSERT INTO `book` VALUES (8, '三体', 'NO00008', 1, NULL, NULL);
INSERT INTO `book` VALUES (9, '钢铁侠', 'NO00009', 1, NULL, NULL);
INSERT INTO `book` VALUES (10, '黑猫警长', 'NO00010', 1, NULL, NULL);
INSERT INTO `book` VALUES (11, '从你的全世界路过', 'NO00011', 1, NULL, NULL);

-- ----------------------------
-- Table structure for sys_permission
-- ----------------------------
DROP TABLE IF EXISTS `sys_permission`;
CREATE TABLE `sys_permission`  (
  `id` int(11) NOT NULL DEFAULT 0 COMMENT '自定id,主要供前端展示权限列表分类排序使用.',
  `menu_code` varchar(255) CHARACTER SET utf8 COLLATE utf8_general_ci NULL DEFAULT '' COMMENT '归属菜单,前端判断并展示菜单使用,',
  `menu_name` varchar(255) CHARACTER SET utf8 COLLATE utf8_general_ci NULL DEFAULT '' COMMENT '菜单的中文释义',
  `permission_code` varchar(255) CHARACTER SET utf8 COLLATE utf8_general_ci NULL DEFAULT '' COMMENT '权限的代码/通配符,对应代码中@RequiresPermissions 的value',
  `permission_name` varchar(255) CHARACTER SET utf8 COLLATE utf8_general_ci NULL DEFAULT '' COMMENT '本权限的中文释义',
  `required_permission` tinyint(1) NULL DEFAULT 2 COMMENT '是否本菜单必选权限, 1.必选 2非必选 通常是\"列表\"权限是必选',
  PRIMARY KEY (`id`) USING BTREE
) ENGINE = InnoDB CHARACTER SET = utf8 COLLATE = utf8_general_ci COMMENT = '后台权限表' ROW_FORMAT = Dynamic;

-- ----------------------------
-- Records of sys_permission
-- ----------------------------
INSERT INTO `sys_permission` VALUES (101, 'article', '文章管理', 'article:list', '列表', 1);
INSERT INTO `sys_permission` VALUES (102, 'article', '文章管理', 'article:add', '新增', 2);
INSERT INTO `sys_permission` VALUES (103, 'article', '文章管理', 'article:update', '修改', 2);
INSERT INTO `sys_permission` VALUES (601, 'user', '用户', 'user:list', '列表', 1);
INSERT INTO `sys_permission` VALUES (602, 'user', '用户', 'user:add', '新增', 2);
INSERT INTO `sys_permission` VALUES (603, 'user', '用户', 'user:update', '修改', 2);
INSERT INTO `sys_permission` VALUES (701, 'role', '角色权限', 'role:list', '列表', 1);
INSERT INTO `sys_permission` VALUES (702, 'role', '角色权限', 'role:add', '新增', 2);
INSERT INTO `sys_permission` VALUES (703, 'role', '角色权限', 'role:update', '修改', 2);
INSERT INTO `sys_permission` VALUES (704, 'role', '角色权限', 'role:delete', '删除', 2);
INSERT INTO `sys_permission` VALUES (801, 'book', '书籍权限', 'book:list', '列表', 1);
INSERT INTO `sys_permission` VALUES (802, 'book', '书籍权限', 'book:add', '新增', 2);
INSERT INTO `sys_permission` VALUES (803, 'book', '书籍权限', 'book:update', '修改', 2);

-- ----------------------------
-- Table structure for sys_role
-- ----------------------------
DROP TABLE IF EXISTS `sys_role`;
CREATE TABLE `sys_role`  (
  `id` int(11) NOT NULL AUTO_INCREMENT,
  `role_name` varchar(20) CHARACTER SET utf8 COLLATE utf8_general_ci NULL DEFAULT NULL COMMENT '角色名',
  `create_time` timestamp(0) NULL DEFAULT NULL,
  `update_time` timestamp(0) NULL DEFAULT NULL,
  `delete_status` varchar(1) CHARACTER SET utf8 COLLATE utf8_general_ci NULL DEFAULT '1' COMMENT '是否有效  1有效  2无效',
  PRIMARY KEY (`id`) USING BTREE
) ENGINE = InnoDB AUTO_INCREMENT = 4 CHARACTER SET = utf8 COLLATE = utf8_general_ci COMMENT = '后台角色表' ROW_FORMAT = Dynamic;

-- ----------------------------
-- Records of sys_role
-- ----------------------------
INSERT INTO `sys_role` VALUES (1, '管理员', '2017-11-22 16:24:34', '2017-11-22 16:24:52', '1');
INSERT INTO `sys_role` VALUES (2, '作家', '2017-11-22 16:24:34', '2017-11-22 16:24:52', '1');
INSERT INTO `sys_role` VALUES (3, '程序员', '2017-11-22 16:28:47', '2017-11-22 16:28:47', '1');

-- ----------------------------
-- Table structure for sys_role_permission
-- ----------------------------
DROP TABLE IF EXISTS `sys_role_permission`;
CREATE TABLE `sys_role_permission`  (
  `id` int(11) NOT NULL AUTO_INCREMENT,
  `role_id` int(11) NULL DEFAULT NULL COMMENT '角色id',
  `permission_id` int(11) NULL DEFAULT NULL COMMENT '权限id',
  `create_time` timestamp(0) NULL DEFAULT NULL,
  `update_time` timestamp(0) NULL DEFAULT NULL,
  `delete_status` varchar(1) CHARACTER SET utf8 COLLATE utf8_general_ci NULL DEFAULT '1' COMMENT '是否有效 1有效     2无效',
  PRIMARY KEY (`id`) USING BTREE
) ENGINE = InnoDB AUTO_INCREMENT = 23 CHARACTER SET = utf8 COLLATE = utf8_general_ci COMMENT = '角色-权限关联表' ROW_FORMAT = Dynamic;

-- ----------------------------
-- Records of sys_role_permission
-- ----------------------------
INSERT INTO `sys_role_permission` VALUES (1, 2, 101, '2017-11-22 16:26:21', '2017-11-22 16:26:32', '1');
INSERT INTO `sys_role_permission` VALUES (2, 2, 102, '2017-11-22 16:26:21', '2017-11-22 16:26:32', '1');
INSERT INTO `sys_role_permission` VALUES (5, 2, 602, '2017-11-22 16:28:28', '2017-11-22 16:28:28', '1');
INSERT INTO `sys_role_permission` VALUES (6, 2, 601, '2017-11-22 16:28:28', '2017-11-22 16:28:28', '1');
INSERT INTO `sys_role_permission` VALUES (7, 2, 603, '2017-11-22 16:28:28', '2017-11-22 16:28:28', '1');
INSERT INTO `sys_role_permission` VALUES (8, 2, 703, '2017-11-22 16:28:28', '2017-11-22 16:28:28', '1');
INSERT INTO `sys_role_permission` VALUES (9, 2, 701, '2017-11-22 16:28:28', '2017-11-22 16:28:28', '1');
INSERT INTO `sys_role_permission` VALUES (10, 2, 702, '2017-11-22 16:28:28', '2017-11-22 16:28:28', '1');
INSERT INTO `sys_role_permission` VALUES (11, 2, 704, '2017-11-22 16:28:31', '2017-11-22 16:28:31', '1');
INSERT INTO `sys_role_permission` VALUES (12, 2, 103, '2017-11-22 16:28:31', '2017-11-22 16:28:31', '1');
INSERT INTO `sys_role_permission` VALUES (13, 3, 601, '2017-11-22 16:28:47', '2017-11-22 16:28:47', '1');
INSERT INTO `sys_role_permission` VALUES (14, 3, 701, '2017-11-22 16:28:47', '2017-11-22 16:28:47', '1');
INSERT INTO `sys_role_permission` VALUES (15, 3, 702, '2017-11-22 16:35:01', '2017-11-22 16:35:01', '1');
INSERT INTO `sys_role_permission` VALUES (16, 3, 704, '2017-11-22 16:35:01', '2017-11-22 16:35:01', '1');
INSERT INTO `sys_role_permission` VALUES (17, 3, 102, '2017-11-22 16:35:01', '2017-11-22 16:35:01', '1');
INSERT INTO `sys_role_permission` VALUES (18, 3, 101, '2017-11-22 16:35:01', '2017-11-22 16:35:01', '1');
INSERT INTO `sys_role_permission` VALUES (19, 3, 603, '2017-11-22 16:35:01', '2017-11-22 16:35:01', '1');
INSERT INTO `sys_role_permission` VALUES (20, 2, 801, '2020-06-27 17:38:46', '2020-06-27 17:38:49', '1');
INSERT INTO `sys_role_permission` VALUES (21, 2, 802, '2020-06-27 17:39:00', '2020-06-27 17:39:02', '1');
INSERT INTO `sys_role_permission` VALUES (22, 2, 803, '2020-06-27 17:39:13', '2020-06-27 17:39:15', '1');

-- ----------------------------
-- Table structure for sys_user
-- ----------------------------
DROP TABLE IF EXISTS `sys_user`;
CREATE TABLE `sys_user`  (
  `id` int(11) NOT NULL AUTO_INCREMENT,
  `username` varchar(255) CHARACTER SET utf8 COLLATE utf8_general_ci NULL DEFAULT NULL COMMENT '用户名',
  `password` varchar(255) CHARACTER SET utf8 COLLATE utf8_general_ci NULL DEFAULT NULL COMMENT '密码',
  `nickname` varchar(255) CHARACTER SET utf8 COLLATE utf8_general_ci NULL DEFAULT NULL COMMENT '昵称',
  `role_id` int(11) NULL DEFAULT 0 COMMENT '角色ID',
  `create_time` timestamp(0) NULL DEFAULT NULL COMMENT '创建时间',
  `update_time` timestamp(0) NULL DEFAULT NULL COMMENT '修改时间',
  `delete_status` varchar(1) CHARACTER SET utf8 COLLATE utf8_general_ci NULL DEFAULT '1' COMMENT '是否有效  1有效  2无效',
  PRIMARY KEY (`id`) USING BTREE
) ENGINE = InnoDB AUTO_INCREMENT = 10008 CHARACTER SET = utf8 COLLATE = utf8_general_ci COMMENT = '运营后台用户表' ROW_FORMAT = Dynamic;

-- ----------------------------
-- Records of sys_user
-- ----------------------------
INSERT INTO `sys_user` VALUES (10003, 'admin', '123456', '超级用户23', 1, '2017-10-30 11:52:38', '2017-11-17 23:51:40', '1');
INSERT INTO `sys_user` VALUES (10004, 'user', '123456', '莎士比亚', 2, '2017-10-30 16:13:02', '2017-11-18 02:48:24', '1');
INSERT INTO `sys_user` VALUES (10005, 'aaa', '123456', 'abba', 1, '2017-11-15 14:02:56', '2017-11-17 23:51:42', '1');
INSERT INTO `sys_user` VALUES (10007, 'test', '123456', '就看看列表', 3, '2017-11-22 16:29:41', '2017-11-22 16:29:41', '1');

SET FOREIGN_KEY_CHECKS = 1;
